25Cr,MRN,baseCr,eGFR,minCr,peakCr,CKD
0.8,2,0.8,79.20013383407283,0.8,4.3,2.0
1.0,3,1.1,47.04741787161038,0.9,2.5,3.0
6.0,4,6.7,6.616163585836329,3.2,7.7,5.0
1.1,5,1.1,65.78076788521658,1.1,2.9,2.0
1.05,6,1.1,66.71145945608848,1.0,6.4,2.0
4.625,7,4.75,11.459676969138922,4.5,4.8,5.0
0.5,8,0.6,92.35061227670292,0.5,4.4,
0.6,9,0.7,85.95319622012764,0.5,2.1,2.0
1.3,10,1.6,32.768628116015215,1.1,2.4,3.0
0.7,11,0.8,64.90632071022249,0.6,4.8,2.0
